Região,Município
Araraquara,Américo Brasiliense
Araraquara,Analândia
Araraquara,Araraquara
Araraquara,Boa Esperança do Sul
Araraquara,Borborema
Araraquara,Descalvado
Araraquara,Dobrada
Araraquara,Dourado
Araraquara,Gavião Peixoto
Araraquara,Ibaté
Araraquara,Ibitinga
Araraquara,Itápolis
Araraquara,Matão
Araraquara,Motuca
Araraquara,Nova Europa
Araraquara,Ribeirão Bonito
Araraquara,Rincão
Araraquara,Santa Lúcia
Araraquara,São Carlos
Araraquara,Tabatinga
Araraquara,Trabiju
Araçatuba,Alto Alegre
Araçatuba,Andradina
Araçatuba,Araçatuba
Araçatuba,Avanhandava
Araçatuba,Barbosa
Araçatuba,Bento de Abreu
Araçatuba,Bilac
Araçatuba,Birigui
Araçatuba,Braúna
Araçatuba,Brejo Alegre
Araçatuba,Buritama
Araçatuba,Castilho
Araçatuba,Clementina
Araçatuba,Coroados
Araçatuba,Gabriel Monteiro
Araçatuba,Glicério
Araçatuba,Guararapes
Araçatuba,Guaraçaí
Araçatuba,Ilha Solteira
Araçatuba,Itapura
Araçatuba,Lavínia
Araçatuba,Lourdes
Araçatuba,Luiziânia
Araçatuba,Mirandópolis
Araçatuba,Murutinga do Sul
Araçatuba,Nova Independência
Araçatuba,Penápolis
Araçatuba,Pereira Barreto
Araçatuba,Piacatu
Araçatuba,Rubiácea
Araçatuba,Santo Antônio do Aracanguá
Araçatuba,Santópolis do Aguapeí
Araçatuba,Sud Mennucci
Araçatuba,Suzanápolis
Araçatuba,Turiúba
Araçatuba,Valparaíso
Bauru,Agudos
Bauru,Anhembi
Bauru,Arealva
Bauru,Areiópolis
Bauru,Avaí
Bauru,Balbinos
Bauru,Bariri
Bauru,Barra Bonita
Bauru,Bauru
Bauru,Bocaina
Bauru,Bofete
Bauru,Boracéia
Bauru,Borebi
Bauru,Botucatu
Bauru,Cabrália Paulista
Bauru,Cafelândia
Bauru,Conchas
Bauru,Dois Córregos
Bauru,Duartina
Bauru,Getulina
Bauru,Guaimbê
Bauru,Guaiçara
Bauru,Guarantã
Bauru,Iacanga
Bauru,Igaraçu do Tietê
Bauru,Itaju
Bauru,Itapuí
Bauru,Jaú
Bauru,Júlio Mesquita
Bauru,Lençóis Paulista
Bauru,Lins
Bauru,Lucianópolis
Bauru,Macatuba
Bauru,Mineiros do Tietê
Bauru,Pardinho
Bauru,Paulistânia
Bauru,Pederneiras
Bauru,Pirajuí
Bauru,Piratininga
Bauru,Pongaí
Bauru,Pratânia
Bauru,Presidente Alves
Bauru,Promissão
Bauru,Reginópolis
Bauru,Sabino
Bauru,São Manuel
Bauru,Ubirajara
Bauru,Uru
Campinas,Aguaí
Campinas,Americana
Campinas,Amparo
Campinas,Artur Nogueira
Campinas,Atibaia
Campinas,Bom Jesus dos Perdões
Campinas,Bragança Paulista
Campinas,Caconde
Campinas,Campinas
Campinas,Campo Limpo Paulista
Campinas,Casa Branca
Campinas,Cosmópolis
Campinas,Divinolândia
Campinas,Elias Fausto
Campinas,Engenheiro Coelho
Campinas,Espírito Santo do Pinhal
Campinas,Estiva Gerbi
Campinas,Holambra
Campinas,Hortolândia
Campinas,Indaiatuba
Campinas,Itapira
Campinas,Itatiba
Campinas,Itobi
Campinas,Itupeva
Campinas,Jaguariúna
Campinas,Jarinu
Campinas,Joanópolis
Campinas,Jundiaí
Campinas,Lindóia
Campinas,Louveira
Campinas,Mococa
Campinas,Mogi Guaçu
Campinas,Mogi-Mirim
Campinas,Monte Alegre do Sul
Campinas,Monte Mor
Campinas,Morungaba
Campinas,Nazaré Paulista
Campinas,Nova Odessa
Campinas,Paulínia
Campinas,Pedra Bela
Campinas,Pedreira
Campinas,Pinhalzinho
Campinas,Piracaia
Campinas,Pirassununga
Campinas,Porto Ferreira
Campinas,Santa Bárbara d'Oeste
Campinas,Santa Cruz das Palmeiras
Campinas,Santo Antônio de Posse
Campinas,Santo Antônio do Jardim
Campinas,Serra Negra
Campinas,Socorro
Campinas,Sumaré
Campinas,São José do Rio Pardo
Campinas,São João da Boa Vista
Campinas,São Sebastião da Grama
Campinas,Tambaú
Campinas,Tapiratiba
Campinas,Tuiuti
Campinas,Valinhos
Campinas,Vargem
Campinas,Vargem Grande do Sul
Campinas,Vinhedo
Campinas,Várzea Paulista
Campinas,Águas da Prata
Campinas,Águas de Lindóia
Marília e Assis,Alvinlândia
Marília e Assis,Arco-Íris
Marília e Assis,Assis
Marília e Assis,Bastos
Marília e Assis,Bernardino de Campos
Marília e Assis,Borá
Marília e Assis,Campos Novos Paulista
Marília e Assis,Canitar
Marília e Assis,Chavantes
Marília e Assis,Cruzália
Marília e Assis,Cândido Mota
Marília e Assis,Echaporã
Marília e Assis,Espírito Santo do Turvo
Marília e Assis,Fartura
Marília e Assis,Fernão
Marília e Assis,Florínia
Marília e Assis,Garça
Marília e Assis,Gália
Marília e Assis,Herculândia
Marília e Assis,Iacri
Marília e Assis,Ibirarema
Marília e Assis,Iepê
Marília e Assis,Ipaussu
Marília e Assis,Lupércio
Marília e Assis,Lutécia
Marília e Assis,Manduri
Marília e Assis,Maracaí
Marília e Assis,Marília
Marília e Assis,Nantes
Marília e Assis,Ocauçu
Marília e Assis,Oriente
Marília e Assis,Oscar Bressane
Marília e Assis,Ourinhos
Marília e Assis,Palmital
Marília e Assis,Paraguaçu Paulista
Marília e Assis,Pedrinhas Paulista
Marília e Assis,Piraju
Marília e Assis,Platina
Marília e Assis,Pompéia
Marília e Assis,Quatá
Marília e Assis,Queiroz
Marília e Assis,Quintana
Marília e Assis,Ribeirão do Sul
Marília e Assis,Salto Grande
Marília e Assis,Santa Cruz do Rio Pardo
Marília e Assis,Sarutaiá
Marília e Assis,São Pedro do Turvo
Marília e Assis,Taguaí
Marília e Assis,Tarumã
Marília e Assis,Tejupá
Marília e Assis,Timburi
Marília e Assis,Tupã
Marília e Assis,Vera Cruz
Marília e Assis,Álvaro de Carvalho
Marília e Assis,Óleo
Piracicaba,Araras
Piracicaba,Brotas
Piracicaba,Capivari
Piracicaba,Charqueada
Piracicaba,Conchal
Piracicaba,Cordeirópolis
Piracicaba,Corumbataí
Piracicaba,Ipeúna
Piracicaba,Iracemápolis
Piracicaba,Itirapina
Piracicaba,Jumirim
Piracicaba,Leme
Piracicaba,Limeira
Piracicaba,Mombuca
Piracicaba,Piracicaba
Piracicaba,Rafard
Piracicaba,Rio Claro
Piracicaba,Rio das Pedras
Piracicaba,Saltinho
Piracicaba,Santa Cruz da Conceição
Piracicaba,Santa Gertrudes
Piracicaba,Santa Maria da Serra
Piracicaba,São Pedro
Piracicaba,Tietê
Piracicaba,Torrinha
Piracicaba,Águas de São Pedro
Presidente Prudente,Adamantina
Presidente Prudente,Alfredo Marcondes
Presidente Prudente,Anhumas
Presidente Prudente,Caiabu
Presidente Prudente,Caiuá
Presidente Prudente,Dracena
Presidente Prudente,Emilianópolis
Presidente Prudente,Estrela do Norte
Presidente Prudente,Euclides da Cunha Paulista
Presidente Prudente,Flora Rica
Presidente Prudente,Flórida Paulista
Presidente Prudente,Indiana
Presidente Prudente,Inúbia Paulista
Presidente Prudente,Irapuru
Presidente Prudente,João Ramalho
Presidente Prudente,Junqueirópolis
Presidente Prudente,Lucélia
Presidente Prudente,Marabá Paulista
Presidente Prudente,Mariápolis
Presidente Prudente,Martinópolis
Presidente Prudente,Mirante do Paranapanema
Presidente Prudente,Monte Castelo
Presidente Prudente,Narandiba
Presidente Prudente,Nova Guataporanga
Presidente Prudente,Osvaldo Cruz
Presidente Prudente,Ouro Verde
Presidente Prudente,Pacaembu
Presidente Prudente,Panorama
Presidente Prudente,Parapuã
Presidente Prudente,Paulicéia
Presidente Prudente,Piquerobi
Presidente Prudente,Pirapozinho
Presidente Prudente,Pracinha
Presidente Prudente,Presidente Bernardes
Presidente Prudente,Presidente Epitácio
Presidente Prudente,Presidente Prudente
Presidente Prudente,Presidente Venceslau
Presidente Prudente,Rancharia
Presidente Prudente,Regente Feijó
Presidente Prudente,Ribeirão dos Índios
Presidente Prudente,Rinópolis
Presidente Prudente,Rosana
Presidente Prudente,Sagres
Presidente Prudente,Salmourão
Presidente Prudente,Sandovalina
Presidente Prudente,Santa Mercedes
Presidente Prudente,Santo Anastácio
Presidente Prudente,Santo Expedito
Presidente Prudente,São João do Pau d'Alho
Presidente Prudente,Taciba
Presidente Prudente,Tarabai
Presidente Prudente,Teodoro Sampaio
Presidente Prudente,Tupi Paulista
Presidente Prudente,Álvares Machado
Ribeirão Preto,Altinópolis
Ribeirão Preto,Aramina
Ribeirão Preto,Barretos
Ribeirão Preto,Barrinha
Ribeirão Preto,Batatais
Ribeirão Preto,Bebedouro
Ribeirão Preto,Brodowski
Ribeirão Preto,Buritizal
Ribeirão Preto,Cajuru
Ribeirão Preto,Colina
Ribeirão Preto,Colômbia
Ribeirão Preto,Cravinhos
Ribeirão Preto,Cristais Paulista
Ribeirão Preto,Cássia dos Coqueiros
Ribeirão Preto,Cândido Rodrigues
Ribeirão Preto,Dumont
Ribeirão Preto,Fernando Prestes
Ribeirão Preto,Franca
Ribeirão Preto,Guariba
Ribeirão Preto,Guará
Ribeirão Preto,Guatapará
Ribeirão Preto,Guaíra
Ribeirão Preto,Igarapava
Ribeirão Preto,Ipuã
Ribeirão Preto,Itirapuã
Ribeirão Preto,Ituverava
Ribeirão Preto,Jaborandi
Ribeirão Preto,Jaboticabal
Ribeirão Preto,Jardinópolis
Ribeirão Preto,Jeriquara
Ribeirão Preto,Luís Antônio
Ribeirão Preto,Miguelópolis
Ribeirão Preto,Monte Alto
Ribeirão Preto,Monte Azul Paulista
Ribeirão Preto,Morro Agudo
Ribeirão Preto,Nuporanga
Ribeirão Preto,Orlândia
Ribeirão Preto,Patrocínio Paulista
Ribeirão Preto,Pedregulho
Ribeirão Preto,Pirangi
Ribeirão Preto,Pitangueiras
Ribeirão Preto,Pontal
Ribeirão Preto,Pradópolis
Ribeirão Preto,Restinga
Ribeirão Preto,Ribeirão Corrente
Ribeirão Preto,Ribeirão Preto
Ribeirão Preto,Rifaina
Ribeirão Preto,Sales Oliveira
Ribeirão Preto,Santa Cruz da Esperança
Ribeirão Preto,Santa Ernestina
Ribeirão Preto,Santa Rita do Passa Quatro
Ribeirão Preto,Santa Rosa de Viterbo
Ribeirão Preto,Santo Antônio da Alegria
Ribeirão Preto,Serra Azul
Ribeirão Preto,Serrana
Ribeirão Preto,Sertãozinho
Ribeirão Preto,São Joaquim da Barra
Ribeirão Preto,São José da Bela Vista
Ribeirão Preto,São Simão
Ribeirão Preto,Taiaçu
Ribeirão Preto,Taiúva
Ribeirão Preto,Taquaral
Ribeirão Preto,Taquaritinga
Ribeirão Preto,Terra Roxa
Ribeirão Preto,Viradouro
Ribeirão Preto,Vista Alegre do Alto
Sorocaba,Alambari
Sorocaba,Alumínio
Sorocaba,Angatuba
Sorocaba,Apiaí
Sorocaba,Arandu
Sorocaba,Araçariguama
Sorocaba,Araçoiaba da Serra
Sorocaba,Avaré
Sorocaba,Barra do Chapéu
Sorocaba,Barra do Turvo
Sorocaba,Barão de Antonina
Sorocaba,Boituva
Sorocaba,Bom Sucesso de Itararé
Sorocaba,Buri
Sorocaba,Cabreúva
Sorocaba,Cajati
Sorocaba,Campina do Monte Alegre
Sorocaba,Cananéia
Sorocaba,Capela do Alto
Sorocaba,Capão Bonito
Sorocaba,Cerqueira César
Sorocaba,Cerquilho
Sorocaba,Cesário Lange
Sorocaba,Coronel Macedo
Sorocaba,Eldorado
Sorocaba,Guapiara
Sorocaba,Guareí
Sorocaba,Iaras
Sorocaba,Ibiúna
Sorocaba,Iguape
Sorocaba,Ilha Comprida
Sorocaba,Iperó
Sorocaba,Iporanga
Sorocaba,Itaberá
Sorocaba,Itapetininga
Sorocaba,Itapeva
Sorocaba,Itapirapuã Paulista
Sorocaba,Itaporanga
Sorocaba,Itararé
Sorocaba,Itatinga
Sorocaba,Itaí
Sorocaba,Itaóca
Sorocaba,Itu
Sorocaba,Jacupiranga
Sorocaba,Juquiá
Sorocaba,Laranjal Paulista
Sorocaba,Mairinque
Sorocaba,Miracatu
Sorocaba,Nova Campina
Sorocaba,Paranapanema
Sorocaba,Pariquera-Açu
Sorocaba,Pereiras
Sorocaba,Piedade
Sorocaba,Pilar do Sul
Sorocaba,Porangaba
Sorocaba,Porto Feliz
Sorocaba,Quadra
Sorocaba,Registro
Sorocaba,Ribeira
Sorocaba,Ribeirão Branco
Sorocaba,Ribeirão Grande
Sorocaba,Riversul
Sorocaba,Salto
Sorocaba,Salto de Pirapora
Sorocaba,Sarapuí
Sorocaba,Sete Barras
Sorocaba,Sorocaba
Sorocaba,São Miguel Arcanjo
Sorocaba,São Roque
Sorocaba,Tapiraí
Sorocaba,Taquarituba
Sorocaba,Taquarivaí
Sorocaba,Tatuí
Sorocaba,Torre de Pedra
Sorocaba,Votorantim
Sorocaba,Águas de Santa Bárbara
São José do Rio Preto,Adolfo
São José do Rio Preto,Altair
São José do Rio Preto,Américo de Campos
São José do Rio Preto,Aparecida d'Oeste
São José do Rio Preto,Ariranha
São José do Rio Preto,Aspásia
São José do Rio Preto,Auriflama
São José do Rio Preto,Bady Bassitt
São José do Rio Preto,Bálsamo
São José do Rio Preto,Cajobi
São José do Rio Preto,Cardoso
São José do Rio Preto,Catanduva
São José do Rio Preto,Catiguá
São José do Rio Preto,Cedral
São José do Rio Preto,Cosmorama
São José do Rio Preto,Dirce Reis
São José do Rio Preto,Dolcinópolis
São José do Rio Preto,Elisiário
São José do Rio Preto,Embaúba
São José do Rio Preto,Estrela d'Oeste
São José do Rio Preto,Fernandópolis
São José do Rio Preto,Floreal
São José do Rio Preto,Gastão Vidigal
São José do Rio Preto,General Salgado
São José do Rio Preto,Guapiaçu
São José do Rio Preto,Guaraci
São José do Rio Preto,Guarani d'Oeste
São José do Rio Preto,Guzolândia
São José do Rio Preto,Ibirá
São José do Rio Preto,Icém
São José do Rio Preto,Indiaporã
São José do Rio Preto,Ipiguá
São José do Rio Preto,Irapuã
São José do Rio Preto,Itajobi
São José do Rio Preto,Jaci
São José do Rio Preto,Jales
São José do Rio Preto,José Bonifácio
São José do Rio Preto,Macaubal
São José do Rio Preto,Macedônia
São José do Rio Preto,Magda
São José do Rio Preto,Marapoama
São José do Rio Preto,Marinópolis
São José do Rio Preto,Mendonça
São José do Rio Preto,Meridiano
São José do Rio Preto,Mesópolis
São José do Rio Preto,Mira Estrela
São José do Rio Preto,Mirassol
São José do Rio Preto,Mirassolândia
São José do Rio Preto,Monte Aprazível
São José do Rio Preto,Monções
São José do Rio Preto,Neves Paulista
São José do Rio Preto,Nhandeara
São José do Rio Preto,Nipoã
São José do Rio Preto,Nova Aliança
São José do Rio Preto,Nova Canaã Paulista
São José do Rio Preto,Nova Castilho
São José do Rio Preto,Nova Granada
São José do Rio Preto,Nova Luzitânia
São José do Rio Preto,Novais
São José do Rio Preto,Novo Horizonte
São José do Rio Preto,Olímpia
São José do Rio Preto,Onda Verde
São José do Rio Preto,Orindiúva
São José do Rio Preto,Ouroeste
São José do Rio Preto,Palestina
São José do Rio Preto,Palmares Paulista
São José do Rio Preto,Palmeira d'Oeste
São José do Rio Preto,Paranapuã
São José do Rio Preto,Paraíso
São José do Rio Preto,Parisi
São José do Rio Preto,Paulo de Faria
São José do Rio Preto,Pedranópolis
São José do Rio Preto,Pindorama
São José do Rio Preto,Planalto
São José do Rio Preto,Poloni
São José do Rio Preto,Pontalinda
São José do Rio Preto,Pontes Gestal
São José do Rio Preto,Populina
São José do Rio Preto,Potirendaba
São José do Rio Preto,Riolândia
São José do Rio Preto,Rubinéia
São José do Rio Preto,Sales
São José do Rio Preto,Santa Adélia
São José do Rio Preto,Santa Albertina
São José do Rio Preto,Santa Clara d'Oeste
São José do Rio Preto,Santa Fé do Sul
São José do Rio Preto,Santa Rita d'Oeste
São José do Rio Preto,Santa Salete
São José do Rio Preto,Santana da Ponte Pensa
São José do Rio Preto,Sebastianópolis do Sul
São José do Rio Preto,Severínia
São José do Rio Preto,São Francisco
São José do Rio Preto,São José do Rio Preto
São José do Rio Preto,São João das Duas Pontes
São José do Rio Preto,São João de Iracema
São José do Rio Preto,Tabapuã
São José do Rio Preto,Tanabi
São José do Rio Preto,Três Fronteiras
São José do Rio Preto,Turmalina
São José do Rio Preto,Ubarana
São José do Rio Preto,Uchoa
São José do Rio Preto,União Paulista
São José do Rio Preto,Urupês
São José do Rio Preto,Urânia
São José do Rio Preto,Valentim Gentil
São José do Rio Preto,Vitória Brasil
São José do Rio Preto,Votuporanga
São José do Rio Preto,Zacarias
São José do Rio Preto,Álvares Florence
São José dos Campos,Aparecida
São José dos Campos,Arapeí
São José dos Campos,Areias
São José dos Campos,Bananal
São José dos Campos,Cachoeira Paulista
São José dos Campos,Campos do Jordão
São José dos Campos,Canas
São José dos Campos,Caraguatatuba
São José dos Campos,Caçapava
São José dos Campos,Cruzeiro
São José dos Campos,Cunha
São José dos Campos,Guaratinguetá
São José dos Campos,Igaratá
São José dos Campos,Ilhabela
São José dos Campos,Itanhaém
São José dos Campos,Itariri
São José dos Campos,Jacareí
São José dos Campos,Jambeiro
São José dos Campos,Lagoinha
São José dos Campos,Lavrinhas
São José dos Campos,Lorena
São José dos Campos,Mongaguá
São José dos Campos,Monteiro Lobato
São José dos Campos,Natividade da Serra
São José dos Campos,Paraibuna
São José dos Campos,Pedro de Toledo
São José dos Campos,Peruíbe
São José dos Campos,Pindamonhangaba
São José dos Campos,Piquete
São José dos Campos,Potim
São José dos Campos,Queluz
São José dos Campos,Redenção da Serra
São José dos Campos,Roseira
São José dos Campos,Santa Branca
São José dos Campos,Santo Antônio do Pinhal
São José dos Campos,Silveiras
São José dos Campos,São Bento do Sapucaí
São José dos Campos,São José do Barreiro
São José dos Campos,São José dos Campos
São José dos Campos,São Luís do Paraitinga
São José dos Campos,São Sebastião
São José dos Campos,Taubaté
São José dos Campos,Tremembé
São José dos Campos,Ubatuba
São Paulo,Arujá
São Paulo,Barueri
São Paulo,Bertioga
São Paulo,Biritiba-Mirim
São Paulo,Caieiras
São Paulo,Cajamar
São Paulo,Carapicuíba
São Paulo,Cotia
São Paulo,Cubatão
São Paulo,Diadema
São Paulo,Embu
São Paulo,Embu-Guaçu
São Paulo,Ferraz de Vasconcelos
São Paulo,Francisco Morato
São Paulo,Franco da Rocha
São Paulo,Guararema
São Paulo,Guarujá
São Paulo,Guarulhos
São Paulo,Itapecerica da Serra
São Paulo,Itapevi
São Paulo,Itaquaquecetuba
São Paulo,Jandira
São Paulo,Juquitiba
São Paulo,Mairiporã
São Paulo,Mauá
São Paulo,Mogi das Cruzes
São Paulo,Osasco
São Paulo,Pirapora do Bom Jesus
São Paulo,Poá
São Paulo,Praia Grande
São Paulo,Ribeirão Pires
São Paulo,Rio Grande da Serra
São Paulo,Salesópolis
São Paulo,Santa Isabel
São Paulo,Santana de Parnaíba
São Paulo,Santo André
São Paulo,Santos
São Paulo,Suzano
São Paulo,São Bernardo do Campo
São Paulo,São Caetano do Sul
São Paulo,São Lourenço da Serra
São Paulo,São Paulo
São Paulo,São Vicente
São Paulo,Taboão da Serra
São Paulo,Vargem Grande Paulista
